question,gold_sql
Please list the reference names of the drivers who are eliminated in the first period in race number 20.,SELECT T2.driverRef FROM qualifying AS T1 INNER JOIN drivers AS T2 ON T2.driverId = T1.driverId WHERE T1.raceId = 20 ORDER BY T1.q1 DESC LIMIT 5
What is the surname of the driver with the best lap time in race number 19 in the second qualifying period?,SELECT T2.surname FROM qualifying AS T1 INNER JOIN drivers AS T2 ON T2.driverId = T1.driverId WHERE T1.raceId = 19 ORDER BY T1.q2 ASC LIMIT 1
Please give the name of the race held on the circuits in Germany.,SELECT DISTINCT T2.name FROM circuits AS T1 INNER JOIN races AS T2 ON T2.circuitID = T1.circuitId WHERE T1.country = 'Germany'
What is the coordinates location of the circuits for Australian grand prix?,"SELECT DISTINCT T1.lat, T1.lng FROM circuits AS T1 INNER JOIN races AS T2 ON T2.circuitID = T1.circuitId WHERE T2.name = 'Australian Grand Prix'"
Give the coordinate position for Abu Dhabi Grand Prix.,"SELECT DISTINCT T1.lat, T1.lng FROM circuits AS T1 INNER JOIN races AS T2 ON T2.circuitID = T1.circuitId WHERE T2.name = 'Abu Dhabi Grand Prix'"
What's Bruno Senna's Q1 result in the qualifying race No. 354?,SELECT T1.q1 FROM qualifying AS T1 INNER JOIN drivers AS T2 ON T2.driverId = T1.driverId WHERE T1.raceId = 354 AND T2.forename = 'Bruno' AND T2.surname = 'Senna'
What is his number of the driver who finished 0:01:54 in the Q3 of qualifying race No.903?,SELECT T2.number FROM qualifying AS T1 INNER JOIN drivers AS T2 ON T2.driverId = T1.driverId WHERE T1.raceId = 903 AND T1.q3 LIKE '1:54%'
"For the Bahrain Grand Prix in 2007, how many drivers not finished the game?",SELECT COUNT(T3.driverId) FROM races AS T1 INNER JOIN results AS T2 ON T2.raceId = T1.raceId INNER JOIN drivers AS T3 ON T3.driverId = T2.driverId WHERE T1.year = 2007 AND T1.name = 'Bahrain Grand Prix' AND T2.time IS NULL
"For all the drivers who finished the game in race No. 592, who is the oldest?","SELECT T1.forename, T1.surname FROM drivers AS T1 INNER JOIN results AS T2 ON T2.driverId = T1.driverId WHERE T2.raceId = 592 AND T2.time IS NOT NULL AND T1.dob IS NOT NULL ORDER BY T1.dob ASC LIMIT 1"
Who was the player that got the lap time of 0:01:27 in the race No. 161? Show his introduction website.,"SELECT DISTINCT T2.forename, T2.surname, T2.url FROM lapTimes AS T1 INNER JOIN drivers AS T2 ON T2.driverId = T1.driverId WHERE T1.raceId = 161 AND T1.time LIKE '1:27%'"
Where is Malaysian Grand Prix held? Give the location coordinates.,"SELECT DISTINCT T1.lat, T1.lng FROM circuits AS T1 INNER JOIN races AS T2 ON T2.circuitID = T1.circuitId WHERE T2.name = 'Malaysian Grand Prix'"
"For the constructor which got the highest point in the race No. 9 , what is its introduction website?",SELECT T2.url FROM constructorResults AS T1 INNER JOIN constructors AS T2 ON T2.constructorId = T1.constructorId WHERE T1.raceId = 9 ORDER BY T1.points DESC LIMIT 1
"In the race No. 45, for the driver who had the Q3 time as 0:01:33, what is his abbreviated code?",SELECT T2.code FROM qualifying AS T1 INNER JOIN drivers AS T2 ON T2.driverId = T1.driverId WHERE T1.raceId = 45 AND T1.q3 LIKE '1:33%'
Show me the season page of year when the race No. 901 took place.,SELECT T2.url FROM races AS T1 INNER JOIN seasons AS T2 ON T2.year = T1.year WHERE T1.raceId = 901
"For all the drivers who finished the game in race No. 872, who is the youngest?","SELECT T1.forename, T1.surname FROM drivers AS T1 INNER JOIN results AS T2 ON T2.driverId = T1.driverId WHERE T2.raceId = 872 AND T2.time IS NOT NULL ORDER BY T1.dob DESC LIMIT 1"
"For the driver who set the fastest lap speed, what is his nationality?",SELECT T1.nationality FROM drivers AS T1 INNER JOIN results AS T2 ON T2.driverId = T1.driverId ORDER BY T2.fastestLapSpeed DESC LIMIT 1
"Paul di Resta was in the No. 853 race, what percent faster did he finish in the 853rd race than the next race for the fastest lap speed?","SELECT (SUM(IF(T2.raceId = 853, T2.fastestLapSpeed, 0)) - SUM(IF(T2.raceId = 854, T2.fastestLapSpeed, 0))) * 100 / SUM(IF(T2.raceId = 853, T2.fastestLapSpeed, 0)) FROM drivers AS T1 INNER JOIN results AS T2 ON T2.driverId = T1.driverId WHERE T1.forename = 'Paul' AND T1.surname = 'di Resta'"
"For the drivers who took part in the race in 1983/7/16, what's their race completion rate?",SELECT CAST(COUNT(CASE WHEN T2.time IS NOT NULL THEN T2.driverId END) AS DOUBLE) * 100 / COUNT(T2.driverId) FROM races AS T1 INNER JOIN results AS T2 ON T2.raceId = T1.raceId WHERE T1.date = '1983-07-16'
List the names of all races that occurred in the earliest recorded year and month.,"SELECT name FROM races WHERE substr(date, 1, 4) = ( SELECT substr(date, 1, 4) FROM races ORDER BY date ASC LIMIT 1 ) AND substr(date, 6, 2) = ( SELECT substr(date, 6, 2) FROM races ORDER BY date ASC LIMIT 1 )"
State the driver with the most points scored. Find his full name with that points.,"SELECT T3.forename, T3.surname, T2.points FROM races AS T1 INNER JOIN driverStandings AS T2 ON T2.raceId = T1.raceId INNER JOIN drivers AS T3 ON T3.driverId = T2.driverId ORDER BY T2.points DESC LIMIT 1"
What is the best lap time recorded? List the driver and race with such recorded lap time.,"SELECT T2.milliseconds, T1.forename, T1.surname, T3.name FROM drivers AS T1 INNER JOIN lapTimes AS T2 ON T1.driverId = T2.driverId INNER JOIN races AS T3 ON T2.raceId = T3.raceId ORDER BY T2.milliseconds ASC LIMIT 1"
What is the average lap time for Lewis Hamilton in the 2009 Malaysian Grand Prix?,SELECT AVG(T2.milliseconds) FROM races AS T1 INNER JOIN lapTimes AS T2 ON T2.raceId = T1.raceId INNER JOIN drivers AS T3 ON T3.driverId = T2.driverId WHERE T3.forename = 'Lewis' AND T3.surname = 'Hamilton' AND T1.year = 2009 AND T1.name = 'Malaysian Grand Prix'
Calculate the percentage whereby Hamilton was not at the 1st track of the the f1 circuit since 2010.,SELECT CAST(COUNT(CASE WHEN T2.position <> 1 THEN T2.position END) AS DOUBLE) * 100 / COUNT(T2.driverStandingsId) FROM races AS T1 INNER JOIN driverStandings AS T2 ON T2.raceId = T1.raceId INNER JOIN drivers AS T3 ON T3.driverId = T2.driverId WHERE T3.surname = 'Hamilton' AND T1.year >= 2010
Name the driver with the most winning. Mention his nationality and what is his maximum point scores.,"SELECT T1.forename, T1.surname, T1.nationality, MAX(T2.points) FROM drivers AS T1 INNER JOIN driverStandings AS T2 ON T2.driverId = T1.driverId WHERE T2.wins >= 1 GROUP BY T1.forename, T1.surname, T1.nationality ORDER BY COUNT(T2.wins) DESC LIMIT 1"
How old is the youngest Japanese driver? What is his name?,"SELECT year(current_date) - CAST(substr(dob, 1, 4) AS integer), forename , surname FROM drivers WHERE nationality = 'Japanese' ORDER BY dob DESC LIMIT 1"
Name the races along with its circuit name and location for f1 races hosted in September 2005.,"SELECT DISTINCT T2.name, T1.name, T1.location FROM circuits AS T1 INNER JOIN races AS T2 ON T2.circuitID = T1.circuitId WHERE T2.year = 2005 AND substr(T2.date, 6, 2) = '09'"
Which race was Alex Yoong in when he was in track number less than 20?,SELECT T1.name FROM races AS T1 INNER JOIN driverStandings AS T2 ON T2.raceId = T1.raceId INNER JOIN drivers AS T3 ON T3.driverId = T2.driverId WHERE T3.forename = 'Alex' AND T3.surname = 'Yoong' AND T2.position < 20
State the race and year of race in which Michael Schumacher had his fastest lap.,"SELECT T1.name, T1.year FROM races AS T1 INNER JOIN lapTimes AS T2 ON T2.raceId = T1.raceId INNER JOIN drivers AS T3 ON T3.driverId = T2.driverId WHERE T3.forename = 'Michael' AND T3.surname = 'Schumacher' ORDER BY T2.milliseconds ASC LIMIT 1"
Which was Lewis Hamilton first race? What was his points recorded for his first race event?,"SELECT T1.name, T2.points FROM races AS T1 INNER JOIN driverStandings AS T2 ON T2.raceId = T1.raceId INNER JOIN drivers AS T3 ON T3.driverId = T2.driverId WHERE T3.forename = 'Lewis' AND T3.surname = 'Hamilton' ORDER BY T1.year ASC LIMIT 1"
"Among all European Grand Prix races, what is the percentage of the races were hosted in Germany?",SELECT CAST(COUNT(CASE WHEN T1.country = 'Germany' THEN T2.circuitID END) AS DOUBLE) * 100 / COUNT(T2.circuitId) FROM circuits AS T1 INNER JOIN races AS T2 ON T2.circuitID = T1.circuitId WHERE T2.name = 'European Grand Prix'
What's the location coordinates of Silverstone Circuit?,"SELECT lat, lng FROM circuits WHERE name = 'Silverstone Circuit'"
What's the reference name of Marina Bay Street Circuit?,SELECT circuitRef FROM circuits WHERE name = 'Marina Bay Street Circuit'
Which country is the oldest driver from?,SELECT nationality FROM drivers WHERE dob IS NOT NULL ORDER BY dob ASC LIMIT 1
Which driver ranked the first in the Canadian Grand Prix in 2007? Please give his reference name.,"SELECT T3.forename, T3.surname, T3.driverRef FROM races AS T1 INNER JOIN results AS T2 ON T2.raceId = T1.raceId INNER JOIN drivers AS T3 ON T3.driverId = T2.driverId WHERE T1.name = 'Canadian Grand Prix' AND T2.rank = 1 AND T1.year = 2007"
In which Formula_1 race did Lewis Hamilton rank the highest?,SELECT name FROM races WHERE raceId IN ( SELECT raceId FROM results WHERE rank = 1 AND driverId = ( SELECT driverId FROM drivers WHERE forename = 'Lewis' AND surname = 'Hamilton' ) )
What was the fastest lap speed among all drivers in the 2009 Spanish Grand Prix?,SELECT T2.fastestLapSpeed FROM races AS T1 INNER JOIN results AS T2 ON T2.raceId = T1.raceId WHERE T1.name = 'Spanish Grand Prix' AND T1.year = 2009 AND T2.fastestLapSpeed IS NOT NULL ORDER BY T2.fastestLapSpeed DESC LIMIT 1
What was Lewis Hamilton's final rank in the 2008 Chinese Grand Prix?,SELECT T2.positionOrder FROM races AS T1 INNER JOIN results AS T2 ON T2.raceId = T1.raceId INNER JOIN drivers AS T3 ON T3.driverId = T2.driverId WHERE T3.forename = 'Lewis' AND T3.surname = 'Hamilton' AND T1.name = 'Chinese Grand Prix' AND T1.year = 2008
What's the finish time for the driver who ranked second in 2008's AustChineseralian Grand Prix?,SELECT T1.time FROM results AS T1 INNER JOIN races AS T2 on T1.raceId = T2.raceId WHERE T1.rank = 2 AND T2.name = 'Chinese Grand Prix' AND T2.year = 2008
"Among the drivers that finished the race in the 2008 Chinese Grand Prix, how many of them have participated in Formula_1 races?",SELECT COUNT(*) FROM ( SELECT T1.driverId FROM results AS T1 INNER JOIN races AS T2 on T1.raceId = T2.raceId WHERE T2.name = 'Chinese Grand Prix' AND T2.year = 2008 AND T1.time IS NOT NULL GROUP BY T1.driverId HAVING COUNT(T2.raceId) > 0 )
How much faster in percentage is the champion than the driver who finished the race last in the 2008 Australian Grand Prix?,"WITH time_in_seconds AS ( SELECT T1.positionOrder, CASE WHEN T1.positionOrder = 1 THEN (CAST(SUBSTR(T1.time, 1, 1) AS DOUBLE) * 3600) + (CAST(SUBSTR(T1.time, 3, 2) AS DOUBLE) * 60) + CAST(SUBSTR(T1.time, 6) AS DOUBLE) ELSE CAST(SUBSTR(T1.time, 2) AS DOUBLE) END AS time_seconds FROM results AS T1 INNER JOIN races AS T2 ON T1.raceId = T2.raceId WHERE T2.name = 'Australian Grand Prix' AND T1.time IS NOT NULL AND T2.year = 2008 ), champion_time AS ( SELECT time_seconds FROM time_in_seconds WHERE positionOrder = 1), last_driver_incremental AS ( SELECT time_seconds FROM time_in_seconds WHERE positionOrder = (SELECT MAX(positionOrder) FROM time_in_seconds) ) SELECT (CAST((SELECT time_seconds FROM last_driver_incremental) AS DOUBLE) * 100) / (SELECT time_seconds + (SELECT time_seconds FROM last_driver_incremental) FROM champion_time)"
"How many circuits are there in Adelaide, Australia?",SELECT COUNT(circuitId) FROM circuits WHERE location = 'Adelaide' AND country = 'Australia'
What are the maximum points of British constructors?,SELECT MAX(T1.points) FROM constructorStandings AS T1 INNER JOIN constructors AS T2 on T1.constructorId = T2.constructorId WHERE T2.nationality = 'British'
Please list the constructor names with 0 points at race 291.,SELECT T2.name FROM constructorStandings AS T1 INNER JOIN constructors AS T2 on T1.constructorId = T2.constructorId WHERE T1.points = 0 AND T1.raceId = 291
How many Japanese constructors have 0 points in 2 races?,SELECT COUNT(T1.raceId) FROM constructorStandings AS T1 INNER JOIN constructors AS T2 on T1.constructorId = T2.constructorId WHERE T1.points = 0 AND T2.nationality = 'Japanese' GROUP BY T1.constructorId HAVING COUNT(raceId) = 2
Please calculate the race completion percentage of Japanese drivers from 2007 to 2009.,"SELECT CAST(SUM(IF(T1.time IS NOT NULL, 1, 0)) AS DOUBLE) * 100 / COUNT(T1.raceId) FROM results AS T1 INNER JOIN races AS T2 on T1.raceId = T2.raceId INNER JOIN drivers AS T3 on T1.driverId = T3.driverId WHERE T3.nationality = 'Japanese' AND T2.year BETWEEN 2007 AND 2009"
"What is the average time in seconds of champion for each year, before year 1975?","WITH time_in_seconds AS ( SELECT T2.year, T2.raceId, T1.positionOrder, CASE WHEN T1.positionOrder = 1 THEN (CAST(SUBSTR(T1.time, 1, 1) AS DOUBLE) * 3600) + (CAST(SUBSTR(T1.time, 3, 2) AS DOUBLE) * 60) + CAST(SUBSTR(T1.time, 6,2) AS DOUBLE )   + CAST(SUBSTR(T1.time, 9) AS DOUBLE)/1000 ELSE 0 END AS time_seconds FROM results AS T1 INNER JOIN races AS T2 ON T1.raceId = T2.raceId WHERE T1.time IS NOT NULL ), champion_time AS ( SELECT year, raceId, time_seconds FROM time_in_seconds WHERE positionOrder = 1 ) SELECT year, AVG(time_seconds) FROM champion_time WHERE year < 1975 GROUP BY year HAVING AVG(time_seconds) IS NOT NULL"
What is the fastest lap number of the champion in 2009?,SELECT T1.fastestLap FROM results AS T1 INNER JOIN races AS T2 on T1.raceId = T2.raceId WHERE T2.year = 2009 AND T1.time LIKE '_:%:__.___'
What is the average of fastest lap speed in the 2009 Spanish Grand Prix race?,SELECT AVG(T1.fastestLapSpeed) FROM results AS T1 INNER JOIN races AS T2 on T1.raceId = T2.raceId WHERE T2.year = 2009 AND T2.name = 'Spanish Grand Prix'
"From 2000 to 2005, what percentage of drivers who were born before 1985 and the lap numbers were over 50?","SELECT CAST(SUM(IF(substr(T3.dob, 1, 4) < '1985' AND T1.laps > 50, 1, 0)) AS DOUBLE) * 100 / COUNT(*) FROM results AS T1 INNER JOIN races AS T2 on T1.raceId = T2.raceId INNER JOIN drivers AS T3 on T1.driverId = T3.driverId WHERE T2.year BETWEEN 2000 AND 2005"
How many French drivers who obtain the laptime less than 02:00.00?,"SELECT COUNT(T1.driverId) FROM drivers AS T1 INNER JOIN lapTimes AS T2 on T1.driverId = T2.driverId WHERE T1.nationality = 'French' AND (CAST(SUBSTR(T2.time, 1, 2) AS INTEGER) * 60 + CAST(SUBSTR(T2.time, 4, 2) AS INTEGER) + CAST(SUBSTR(T2.time, 7, 2) AS DOUBLE) / 1000) < 120"
List out the code for drivers who have nationality in American.,SELECT code FROM drivers WHERE Nationality = 'American'
State code numbers of top 3 yougest drivers. How many Netherlandic drivers among them?,SELECT COUNT(*) FROM ( SELECT T1.nationality FROM drivers AS T1 ORDER BY T1.dob DESC LIMIT 3) AS T3 WHERE T3.nationality = 'Dutch'
Please state the reference name of the oldest German driver.,SELECT driverRef FROM drivers WHERE nationality = 'German' ORDER BY dob ASC LIMIT 1
Which drivers who were born in 1971 and has the fastest lap time on the race? Give id and code of these drivers.,"SELECT T2.driverId, T2.code FROM results AS T1 INNER JOIN drivers AS T2 on T1.driverId = T2.driverId WHERE substr(T2.dob, 1, 4) = '1971' AND T1.fastestLapTime IS NOT NULL"
"From race no. 50 to 100, how many finishers have been disqualified?","SELECT SUM(IF(time IS NOT NULL, 1, 0)) FROM results WHERE statusId = 2 AND raceID < 100 AND raceId > 50"
How many times the circuits were held in Austria? Please give their location and coordinates.,"SELECT DISTINCT location, lat, lng FROM circuits WHERE country = 'Austria'"
"On what year did the youngest driver had his first qualifying race? Also state the name, date and time of the race.","SELECT T3.year, T3.name, T3.date, T3.time FROM qualifying AS T1 INNER JOIN drivers AS T2 on T1.driverId = T2.driverId INNER JOIN races AS T3 on T1.raceId = T3.raceId WHERE T1.driverId = ( SELECT driverId FROM drivers ORDER BY dob DESC LIMIT 1 ) ORDER BY T3.date ASC LIMIT 1"
List down top 3 German drivers who has the shortest average pit stop duration and were born between 1980-1985.,"SELECT T2.forename, T2.surname FROM pitStops AS T1 INNER JOIN drivers AS T2 on T1.driverId = T2.driverId WHERE T2.nationality = 'German' AND substr(T2.dob, 1, 4) BETWEEN '1980' AND '1985' GROUP BY T2.forename, T2.surname ORDER BY AVG(T1.duration) LIMIT 3"
Who is the champion of the Canadian Grand Prix in 2008? Indicate his finish time.,SELECT T1.time FROM results AS T1 INNER JOIN races AS T2 ON T1.raceId = T2.raceId WHERE T2.name = 'Canadian Grand Prix' AND T2.year = 2008 AND T1.time LIKE '_:%:__.___'
What is the constructor reference name of the champion in the 2009 Singapore Grand Prix? Please give its website.,"SELECT T3.constructorRef, T3.url FROM results AS T1 INNER JOIN races AS T2 on T1.raceId = T2.raceId INNER JOIN constructors AS T3 on T1.constructorId = T3.constructorId WHERE T2.name = 'Singapore Grand Prix' AND T2.year = 2009 AND T1.time LIKE '_:%:__.___'"
"Which constructor scored most points from Monaco Grand Prix between 1980 and 2010? List the score, name and nationality of this team.","SELECT SUM(T1.points), T2.name, T2.nationality FROM constructorResults AS T1 INNER JOIN constructors AS T2 ON T1.constructorId = T2.constructorId INNER JOIN races AS T3 ON T3.raceid = T1.raceid WHERE T3.name = 'Monaco Grand Prix' AND T3.year BETWEEN 1980 AND 2010 GROUP BY T2.name ORDER BY SUM(T1.points) DESC LIMIT 1"
What is full name of the racer who ranked 1st in the 3rd qualifying race held in the Marina Bay Street Circuit in 2008?,"SELECT T2.forename, T2.surname FROM qualifying AS T1 INNER JOIN drivers AS T2 on T1.driverId = T2.driverId INNER JOIN races AS T3 ON T1.raceid = T3.raceid WHERE q3 IS NOT NULL AND T3.year = 2008 AND T3.circuitId IN ( SELECT circuitId FROM circuits WHERE name = 'Marina Bay Street Circuit' ) ORDER BY CAST(SUBSTR(q3, 1, strpos(q3, ':') - 1) AS INTEGER) * 60 + CAST(SUBSTR(q3, strpos(q3, ':') + 1, strpos(q3, '.') - strpos(q3, ':') - 1) AS DOUBLE) + CAST(SUBSTR(q3, strpos(q3, '.') + 1) AS DOUBLE) / 1000 ASC LIMIT 1"
"As of the present, what is the full name of the youngest racer? Indicate her nationality and the name of the race to which he/she first joined.","SELECT T1.forename, T1.surname, T1.nationality, T3.name FROM drivers AS T1 INNER JOIN driverStandings AS T2 on T1.driverId = T2.driverId INNER JOIN races AS T3 on T2.raceId = T3.raceId ORDER BY T1.dob DESC LIMIT 1"
How many accidents did the driver who had the highest number accidents in the Canadian Grand Prix have?,SELECT COUNT(T1.driverId) FROM results AS T1 INNER JOIN races AS T2 on T1.raceId = T2.raceId INNER JOIN status AS T3 on T1.statusId = T3.statusId WHERE T3.statusId = 3 AND T2.name = 'Canadian Grand Prix' GROUP BY T1.driverId ORDER BY COUNT(T1.driverId) DESC LIMIT 1
Which top 20 driver created the shortest lap time ever record in a Formula_1 race? Please give them full names.,"WITH lap_times_in_seconds AS (SELECT driverId, (CASE WHEN SUBSTR(time, 1, strpos(time, ':') - 1) <> '' THEN CAST(SUBSTR(time, 1, strpos(time, ':') - 1) AS DOUBLE) * 60 ELSE 0 END + CASE WHEN SUBSTR(time, strpos(time, ':') + 1, strpos(time, '.') - strpos(time, ':') - 1) <> '' THEN CAST(SUBSTR(time, strpos(time, ':') + 1, strpos(time, '.') - strpos(time, ':') - 1) AS DOUBLE) ELSE 0 END + CASE WHEN SUBSTR(time, strpos(time, '.') + 1) <> '' THEN CAST(SUBSTR(time, strpos(time, '.') + 1) AS DOUBLE) / 1000 ELSE 0 END) AS time_in_seconds FROM lapTimes) SELECT T2.forename, T2.surname, T1.driverId FROM (SELECT driverId, MIN(time_in_seconds) AS min_time_in_seconds FROM lap_times_in_seconds GROUP BY driverId) AS T1 INNER JOIN drivers AS T2 ON T1.driverId = T2.driverId ORDER BY T1.min_time_in_seconds ASC LIMIT 20"
Please list the lap records for the circuits in Italy.,"WITH fastest_lap_times AS (SELECT T1.raceId, T1.FastestLapTime, (CAST(SUBSTR(T1.FastestLapTime, 1, strpos(T1.FastestLapTime, ':') - 1) AS DOUBLE) * 60) + (CAST(SUBSTR(T1.FastestLapTime, strpos(T1.FastestLapTime, ':') + 1, strpos(T1.FastestLapTime, '.') - strpos(T1.FastestLapTime, ':') - 1) AS DOUBLE)) + (CAST(SUBSTR(T1.FastestLapTime, strpos(T1.FastestLapTime, '.') + 1) AS DOUBLE) / 1000) as time_in_seconds FROM results AS T1 WHERE T1.FastestLapTime IS NOT NULL ) SELECT T1.FastestLapTime as lap_record FROM results AS T1 INNER JOIN races AS T2 on T1.raceId = T2.raceId INNER JOIN circuits AS T3 on T2.circuitId = T3.circuitId INNER JOIN (SELECT MIN(fastest_lap_times.time_in_seconds) as min_time_in_seconds FROM fastest_lap_times INNER JOIN races AS T2 on fastest_lap_times.raceId = T2.raceId INNER JOIN circuits AS T3 on T2.circuitId = T3.circuitId WHERE T3.country = 'Italy' ) AS T4 ON (CAST(SUBSTR(T1.FastestLapTime, 1, strpos(T1.FastestLapTime, ':') - 1) AS DOUBLE) * 60) + (CAST(SUBSTR(T1.FastestLapTime, strpos(T1.FastestLapTime, ':') + 1, strpos(T1.FastestLapTime, '.') - strpos(T1.FastestLapTime, ':') - 1) AS DOUBLE)) + (CAST(SUBSTR(T1.FastestLapTime, strpos(T1.FastestLapTime, '.') + 1) AS DOUBLE) / 1000) = T4.min_time_in_seconds LIMIT 1"
